BTS,Cena,Promo
"BRIT pełnoporcjowa karma sucha dla dorosłych kotów po zabiegu sterylizacji, o smaku jagnięciny z indykiem, 800 g","29,99 zł","19,49 zł"
"BUTCHER'S karma pełnoporcjowa mokra dla dorosłych kotów, w galaretce z kurczakiem, 400 g","7,49 zł","4,79 zł"
"CESAR karma pełnoporcjowa mokra dla dorosłych psów, klasyczna, z cielęciną i drobiem, 150 g","5,99 zł","3,99 zł"
"DOGWAY smaczki dla małego psa, pałeczki wołowo-drobiowe, 50 g","5,99 zł","3,99 zł"
"DOGWAY karma uzupełniająca dla psów, filet z piersi kaczej, 50 g","9,99 zł","6,49 zł"
"DOLINA NOTECI karma pełnoporcjowa mokra dla dorosłych psów, z bażantem, dynią i makaronem, 100 g","6,49 zł","4,19 zł"
"DOLINA NOTECI karma pełnoporcjowa mokra dla kociąt, danie z dorsza z sardynką, 3m+, 85 g","6,49 zł","5,19 zł"
"DOLINA NOTECI karma pełnoporcjowa mokra dla dorosłych kotów, Bogata w cielęcinę, 185 g","7,99 zł","6,39 zł"
"FROLIC karma sucha z wołowiną, 800 g","19,99 zł","14,99 zł"
"GREEN PETFOOD karma sucha dla psów ze skłonnością do alergii, 900 g","29,99 zł","19,49 zł"
"GREEN PETFOOD przysmaki/gryzaki dentystyczne dla psa, 180 g","10,99 zł","8,79 zł"
"INABA CIAO kremowy przysmak dla kotów o smaku kurczaka, 4 x 14 g","13,99 zł","8,99 zł"
"JOSICAT sucha karma dla kota, o smaku wołowiny, 650 g","15,99 zł","9,99 zł"
"JOSIDOG sucha karma dla psów małych ras, 900 g","17,99 zł","11,49 zł"
"OPTYMALNA DIETA karma pełnoporcjowa sucha dla dorosłych kotów niewychodzacych z domu, Indyk, 750 g","14,99 zł","11,79 zł"
"PEDIGREE karma mokra dla psa, z 3 rodzajami wołowiny, jagnięciny i kurczaka w musie, 400 g","7,99 zł","6,39 zł"
"PEDIGREE mokra karma dla psa, z wołowina i wątróbką, z kurczakiem, z rybą, z drobiem, w galaretce, 12x100 g","22,49 zł","17,99 zł"
"PEDIGREE karma uzupełniająca dla psów powyżej 4 miesiąca, 10-25 kg, 180 g","11,99 zł","7,99 zł"
"PEDIGREE karma uzupełniająca dla psów powyżej 4 miesiąca, 25 kg, 270 g","14,99 zł","9,99 zł"
"PEDIGREE karma uzupełniająca dla psów powyżej 4 miesiąca, 5-10 kg, 110 g","8,99 zł","5,99 zł"
"PEDIGREE karma pełnoporcjowa mokra dla dorosłych psów, z wołowiną w galaretce, 400 g","7,99 zł","5,99 zł"
"PERFECT FIT mokra karma dla dorosłych kotów sterylizowanych, z kurczakiem i z wołowiną, 4x85 g","12,99 zł","10,49 zł"
"PROPESKO miękkie kostki z kaczką, dla psów, 90 g","6,99 zł","5,59 zł"
"PURINA FELIX karma uzupełniająca dla dorosłych kotów, o smaku wołowiny, kurczaka i łososia, 60 g","5,99 zł","4,79 zł"
"PURINA FELIX pełnoporcjowa karma sucha dla dorosłych kotów, z łososiem i warzywami, 1 kg","22,49 zł","14,99 zł"
"PURINA ONE karma pełnoporcjowa sucha dla dorosłych kotów z kurczakiem i pełnymi ziarnami, 800 g","24,99 zł","16,99 zł"
"SHEBA karma pełnoporcjowa mokra dla dorosłych kotów, Koktajl drobiowy, 85 g","3,49 zł","1,99 zł"
"SHEBA karma pełnoporcjowa mokra dla dorosłych kotów, z kurczakiem, z drobiem, z indykiem, 6 x 50g","13,49 zł","10,99 zł"
"SHELMA uzupełniająca karma dla kotów, bezzbożowe poduszeczki z kurczakiem i jagodami, 60 g","5,29 zł","4,19 zł"
"SUPER BENEK żwirek zbrylający dla kotów, 5 l","18,99 zł","14,79 zł"
"WHISKAS mokra karma pełnoporcjowa dla starszych kotów, z kurczakiem, z indykiem, 340 g","8,99 zł","5,99 zł"
"WHISKAS puszka kurczak w galarecie, kaczka, 1 600 g","24,99 zł","19,99 zł"
"WINSTON karma pełnoporcjowa dla psów dorosłych z jagnięciną i kurczakiem oraz marchewką i makaronem, 400 g","3,69 zł","3,39 zł"
"WINSTON karma pełnoporcjowa mokra dla szczeniąt, z drobiem i ryżem, 150 g","2,59 zł","1,99 zł"
"WINSTON karma pełnoporcjowa sucha dla dorosłych kotów z drobiem, wołowiną i juką, 1 kg","9,49 zł","6,19 zł"
"WINSTON karma pełnoporcjowa sucha dla dorosłych psów, kąski z wołowiną i marchewką, 1,5 kg","16,99 zł","12,99 zł"
"WINSTON karma uzupełniająca dla dorosłych kotów, chrupiące poduszeczki nadziewane kocią trawą i kocimiętką, 50 g","3,29 zł","1,99 zł"
"WINSTON karma uzupełniająca dla dorosłych psów, przekąski dentystyczne, 203 g","6,49 zł","4,19 zł"
"WINSTON karma pełnoporcjowa mokra dla dorosłych kotów, z cielęciną i indykiem, 85 g","2,69 zł","2,19 zł"
"WINSTON karma pełnoporcjowa mokra dla dorosłych psów, z indykiem i pasternakiem, 150 g","2,99 zł","2,39 zł"
"WINSTON karma uzupełniająca dla dorosłych kotów, z łososiem i kurczakiem, 120 g","7,99 zł","6,39 zł"
"WINSTON żwirek zbrylający dla kotów, 6 l","12,49 zł","9,49 zł"
